province,branch_count,region_count,total_capacity,avg_staff_per_branch,avg_transactions_per_staff,total_population,total_demand,avg_income,avg_digital_adoption,capacity_gap,coverage_ratio
Alberta,30,5,288891,17.7,593.8333333333334,1273231,708929,68422.0,0.6634,420038,40.8
British Columbia,35,6,320293,14.371428571428572,714.3142857142857,1584358,1025689,68658.16666666667,0.6581666666666667,705396,31.2
Ontario,60,8,532530,15.0,629.5833333333334,2959919,1658087,74980.75,0.719875,1125557,32.1
Quebec,25,5,237884,15.04,750.56,889863,461529,61214.2,0.621,223645,51.5
